{
    "intrinsic00" : {
        "fx" : 1776.856420717325,
        "fy" : 1777.036249225074,
        "cx" : 1912.711200778233,
        "cy" : 1926.649310012418,
        "k1" : -0.183040,
        "k2" : 0.01836710,
        "k3" : 0.0,
        "k4" : 0.0,
        "p1" : 0.0001076920,
        "p2" : 0.000155120,
        "xi" : 0.712920,
        "s" : 0.0
    },
    
    "intrinsic01" : {
        "fx" : 1777.531673301435,
        "fy" : 1777.606082662291,
        "cx" : 1899.480861013693,
        "cy" : 1932.911269187102,
        "k1" : -0.1829320,
        "k2" : 0.01831140,
        "k3" : 0.0,
        "k4" : 0.0,
        "p1" : -5.932450000000000e-05,
        "p2" : 0.0004022920,
        "xi" : 0.7172539999999999,
        "s" : 0.0
    },
    
    "extrinsic00" : {
        "yaw" : 179.5557626720765,
        "pitch" : 90.35547731200593,
        "roll" : -0.5032344611490289
    },
    
    "extrinsic01" : {
        "yaw" : -0.1699386022714939,
        "pitch" : 90.51089438300635,
        "roll" : -0.7895025713152913
    }
    
}
